"Mickie Blakeden","888.0"
"Abbie Henriques","362"
"Stephani Websdale","2623"
"Viviana Boarer","88.0"
"Leonanie Fagge","1013"
"Livia Garlett","2956"
"Jayme Eite","3504"
"Torie Bogue","3085"
"Tiffanie Vasyukhichev","618"
"Elijah Wabe","1293"
"Tommie Ogles","679"
"Lannie Attryde","143"
"Lissy MacBrearty","2500"
"Morganica Cruz","279"
"Clement Delany","2572"
"Romeo Yurygyn","2302"
"Justin Radolf","3796"
"Nikita Sherbourne","3902"
"Jdavie Troillet","4182"
"Kinny Bignall","2826"
"Winfield Sainz","4671"
"Jehu Liddington","1317"
"Lisabeth Ganders","2692"
"Georgina Gilchrist","763"
"Tedman Dumsday","2821"
"Jocelyne Alesio","1956"
"Tamiko Casbourne","4471"
"Ali Duinkerk","4458"
"Dorisa Fairey","2017"
"Gwendolen Peal","1790"
"Julie McTear","3476"
"Antone Jury","370"
"Sullivan Taylo","2299"
"Titus Geelan","986"
"Lyell Eves","1264"
"Stuart Baynam","2849"
"Yoshiko Frearson","1221"
"Eustace Proswell","2214"
"Andros Borit","4868"
"Doreen Blaxall","2646"
"Isaak Guard","3508"
"Florida Brittain","2476"
"Ramsay Rops","3142"
"Shayla Ledeker","2504"
"Odelle Prout","1653"
"Benedetto Prue","1262"
"Cheslie Stapels","2976"
"Coop Kimmings","2157"
"Nanette Boliver","3349"
"Kale Pakenham","2684"
"Yoshiko Hitcham","1377"
"Gilly Gardner","932"
"Kienan Cosens","792"
"Lorna Thomerson","2678"
"Mychal O'Kennavain","483"
"Henrik Kitchaside","2891"
"Deana Eagles","4352"
"Neils Scyone","3805"
"Dennie Bielefeld","4200"
"Townsend Fattorini","1522"
"Bartlett Davidovits","1431"
"Gladi Ordelt","701"
"Beverly Black","3145"
"Melly Hateley","697"
"Sandor Backhouse","4735"
"Hymie Comrie","3116"
"Reyna Peyes","1194"
"Packston Brymham","2237"
"Vyky Jellman","2702"
"Shalne Peschet","1300"
"Wit Maase","3217"
"Corrina Sever","2623"
"Rozelle Paye","4828"
"Tania Rickaert","1550"
"Amandy Mosedall","659"
"Livy Garlant","2631"
"Gualterio Walasik","317"
"Humfrey Ellacott","1357"
"Bernardina Rumbelow","1091"
"Redd Nolleau","2147"
"Nicolis Dinsey","3456"
"Gigi Clabburn","4750"
"Sibilla Becke","4839"
"York Ledster","215"
"Maryellen Jessen","2449"
"Nance Emmens","4700"
"Flemming Grinov","308"
"Forbes Deeley","2580"
"Morena Notti","4809"
"Romy Avrahamov","689"
"Ramonda Thombleson","563"
"Manolo Telezhkin","707"
"Emmery Berr","4264"
"Lilly Munns","4045"
"Elysia Paull","1848"
"Teodorico Pole","465"
"Viviana Elstow","1346"
"Joane Scimoni","3004"
"Curtis Cronin","2780"
"Durward Boxe","2162"
"Sibbie Mowlam","125"
"Tuckie Middlemass","2748"
"Jennine Daldan","2204"
"Benito McGilvary","2627"
"Gaven MacCleod","1224"
"Eleonore Cumesky","1484"
"Evangelin Foad","3393"
"Kennan Lindwasser","1610"
"Rozamond Adlington","3827"
"Elliott Sambidge","4488"
"Sharona Munsey","3867"
"James Chretien","3123"
"Caspar Baldoni","3464"
"Maud Gerber","1863"
"Herculie Gripton","2866"
"Britteny Samuel","1095"
"Aubree Caller","4667"
"Marcelia Dubois","2271"
"Marion Jaycock","813"
"Hilario Tilliard","2124"
"Raynell Farquhar","3869"
"Nikita Mabone","1374"
"Nicko Gerrill","1593"
"Tandi De la Eglise","4947"
"Dasi Colles","3267"
"Clark O'Lennane","3171"
"Lois Kures","3824"
"Wernher Wigley","1289"
"Laraine Peacock","2364"
"Jeramie Delves","4275"
"Carmon Maymond","164"
"Clemmie Jovicic","4062"
"Roxanna Mullord","304"
"Tani Gray","1828"
"Gussy Flieger","3097"
"Jacintha Carlett","435"
"Susanne Watling","3132"
"Christian Uppett","578"
"Anet Unwin","2884"
"Benjamen Dabels","4257"
"Rustin Drummond","1767"
"Gard Dorrell","1638"
"Kerwin Murrhaupt","4817"
"Alberta Sirl","3949"
"Gilbertina Holton","1287"
"Rebekah Postans","4456"
"Nobe Pauncefort","3348"
"Noelle Pidon","1203"
"Eziechiele Hayes","2007"
"Florida Basnett","3955"
"Dominique Orvis","2130"
"Gilbertina Reuven","458"
"Taryn Dowden","1519"
"Lezley Scrace","1981"
"Miner Woffinden","884"
"Benjamin Cheyne","3885"
"Sloan Giraudel","3288"
"Rivalee Leaver","3640"
"Hermie Paler","3499"
"Ban Berks","3698"
"Talbert Wessel","1496"
"Nanon Laudham","2961"
"Jaquith Buye","923"
"Yoko Rennicks","4432"
"Pattie Cheverton","3441"
"Dasha Espino","213"
"Lyndsie Agent","1892"
"Sherlock Dalla","2977"
"Adlai Maidens","2622"
"Koressa Meindl","3829"
"Brit Himsworth","1321"
"Delcine Quarrington","3637"
"Leodora Steet","2728"
"Devi Allingham","4718"
"Brook Vernalls","1925"
"Genia Linnemann","800"
"Carolan Ferrao","3453"
"Lars Benoist","2663"
"Hebert Frickey","921"
"Belia Patington","4789"
"Lesli Snoxell","4628"
"Boot Bragger","4100"
"Katie Brady","1688"
"Erma Mawer","2415"
"Hillary Donovin","3392"
"Nicole Dessent","2683"
"Bernard Baldini","207"
"Hermia Redman","4942"
"Abbi Strowlger","784"
"Christabella Bartalot","4170"
"Jocelyne Pawelek","4310"
"Lydon Bottrill","363"
"Wanda Brownsall","454"
"Chelsey Janew","3028"
"Darelle Ashtonhurst","4990"
"Karin Burnet","4307"
"Staffard Moubray","1444"
"Kinsley Clawley","1552"
"Teddi Keesman","2333"
"Hank O' Connell","3110"
"Monika Yves","4534"
"Malcolm Littell","1986"
"Alameda Dowdell","1161"
"Pandora Bendtsen","3214"
"Alta Abilowitz","1097"
"Dolorita Iley","4732"
"Rosabelle Jennison","2657"
"Joelle Burthom","3276"
"Gaspar Pippin","2973"
"Juanita Crowdace","3286"
"Shawnee Hamsley","4172"
"Feliks Roll","2185"
"Sampson MacRierie","4873"
"Sigismond Seear","3999"
"Heindrick Harkins","4179"
"Almeda McDoual","752"
"Gerhardt Mapledorum","1762"
"Theodosia Pettko","1626"
"Lauree Storror","1227"
"Hallsy MacBean","4538"
"Woodie Dorking","602"
"Sianna Donnett","400"
"Marlin McLurg","167"
"Haleigh Nurny","2753"
"Jayne Lenormand","2007"
"Jakob Kitman","3151"
"Roderigo Crowson","3639"
"Harlie Khidr","2120"
"Waylon Villa","1660"
"Toddie Pre","225"
"Nahum Dunton","2793"
"Karol Inglesent","4042"
"Hoyt Sully","1889"
"Faber Stubbe","278"
"Kameko Gander","3428"
"Corilla Snaddin","1891"
"Vivien Handley","4577"
"Mel Chilvers","1765"
"Salli Befroy","815"
"Karlotte Masdon","3021"
"Bron Flemyng","3188"
"Laughton Huguenet","1107"
"Modesty Scawen","4227"
"Malvina Kemmish","4465"
"Cece Meddemmen","756"
"Lacie Beminster","2620"
"Coletta Bakhrushin","474"
"Zitella Scutchin","1788"
"Isabelle Gilford","4654"
"Mylo Pirri","3865"
"Salvatore Cockburn","4489"
"Addie Kirsz","1482"
"Ashleigh Stabbins","1012"
"Lynna Eakly","3068"
"Jenelle Bispham","2492"
"Aristotle Askie","4734"
"Orelle Haresign","1154"
"Morry Yacobsohn","4515"
"Petr Tales","1517"
"Velma Woffenden","519"
"Torie Clashe","4205"
"Clarette Giercke","2419"
"Tedie Kilgallon","2660"
"Haydon Belloch","2538"
"Alfy Exeter","1996"
"Anabel Mechem","4353"
"Babb Czadla","2143"
"Sarita Philot","4835"
"Patrice Ceaplen","1321"
"Justina Keeler","1935"
"Ansel Zettler","3757"
"Gerladina Rumke","362"
"Frankie Kundt","4760"
"Jeniffer Kyneton","2169"
"Randy Lowre","2611"
"Viki Castangia","4933"
"Syman Seyffert","1283"
"Wally Jerson","4658"
"Court Redrup","1923"
"Annnora McNeachtain","3560"
"Randene Duckerin","347"
"Eveline Hackworthy","2907"
"Damien Radolf","4433"
"Paddy Sabatini","1263"
"Way Pryn","635"
"Justin Lindenstrauss","2644"
"Holmes Auty","1846"
"Jorgan Shovelin","2113"
"Mace Bruno","2198"
"Carolus Stuchbery","4508"
"Jeanie Sandford","3380"
"Lyndsie Mayte","3480"
"Karney Cadding","2595"
"Ichabod Gibbeson","2548"
"Chan Imm","2610"
"Rubi Verbrugghen","3187"
"Marylinda Have","1846"
"Ilyse Valerius","890"
"Dorette Greener","2884"
"Vite Hagergham","4227"
"Gussy Pennuzzi","4771"
"Kayley Halton","2738"
"Ramsey Blune","3921"
"Janos Morteo","4803"
"Freedman Witcombe","1697"
"Eldon Benard","2622"
"Catarina Power","317"
"Consalve Barnsdale","1187"
"Paolina Jimes","937"
"Leese Bussetti","3012"
"Kelly Kobiela","3462"
"Cordelia Ivell","4962"
"Harley Gerler","4363"
"Donaugh Hugill","997"
"Laurianne Grewcock","1244"
"Granny Woodruff","1460"
"Bren Morit","3538"
"Whitney Bunny","1289"
"Sharl Ower","2698"
"Cathe MacIntyre","3095"
"Cheri Guiet","3865"
"Fedora Valance","2664"
"Perl Ebourne","1843"
"Charmaine Hrus","1604"
"Crissy Phelit","4029"
"Mathilda Blabey","2942"
"Paddy Dear","145"
"Venus Edelston","1094"
"Kacie Beckinsale","2188"
"Shelbi Rappoport","1583"
"Lilian Newbegin","4048"
"Phyllida Vakhrushev","3020"
"Vassili Rubie","1496"
"Caron Marien","2073"
"Adi Groom","752"
"Nalani Metzig","2717"
"Corrianne Traice","3584"
"Gert Bleas","2981"
"Clerkclaude Plackstone","1073"
"Monica Coger","2750"
"Damiano Gymblett","2353"
"Vanna Bould","3560"
"Chiquita Whitby","867"
"Trenna Storms","1283"
"Ame Filmer","548"
"Laure Feldhuhn","2587"
"Korney Bonnette","0.0"
"Laurette Ferrone","186"
"Julia Scrace","2846"
"Iago Harlett","2112"
"Diannne Tumbelty","4596"
"Myrna Priter","4312"
"Ambur Symes","1212"
"Hagen McGilvray","4983"
"Diane-marie Borkin","3788"
"Adair Ivetts","1650"
"Allyn Ensten","2390"
"Carolin Churchouse","415"
"Tabby Bidewell","2830"
"Malina Stairmond","2307"
"Danny Titherington","896"
"Freedman Wretham","4472"
"Neddie McGowran","3871"
"Oralee Benbrick","3508"
"Corissa Flewitt","758"
"Remington Loughnan","889"
"Desdemona Really","4874"
"Noah Durnall","3274"
"Tildy MacMaster","2252"
"Marthe Simmins","1438"
"Ibrahim Ledamun","4284"
"Farra Leasor","3753"
"Nye Lawlie","797"
"Cello McEntee","3127"
"Theda Ashington","1399"
"Bennett Kitchen","4229"
"Laverne Dacombe","4689"
"Phoebe Danilchev","1083"
"Yevette Halwell","2629"
"Darnell Tuminelli","4594"
"Ramonda Scane","4224"
"Kiele Revening","2717"
"Vi MacCheyne","2009"
"Mile Khilkov","1772"
"Austine Kinnock","2148"
"Nettie Verbrugge","3600"
"Johanna Turney","1985"
"Charlot Napoleon","715"
"Phylis Frood","3992"
"Anna-maria Swainston","3791"
"Bastien Wintle","4689"
"Alexandra Brisset","3076"
"Kimberlee McKeurtan","4591"
"Zachariah Bryning","4979"
"Wendie McGunley","3453"
"Stanford Meekin","764"
"Tiffani Caldroni","2440"
"Elset Hans","1462"
"Welbie Gait","4054"
"Annamaria Summers","1200"
"Naoma Verrell","236"
"Hugues Cough","4434"
"Amanda Levay","1788"
"Egan Palphramand","4153"
"Madalyn Gaffey","2528"
"Tilda Thombleson","1832"
"Nicole Vanns","4235"
"Gonzalo Mars","1334"
"Midge Dobrowolski","1615"
"Robinett Madgett","3988"
"Marta Stibbs","1043"
"Yolane Espadater","1271"
"Arnuad Rossin","2220"
"Emlen Merman","4282"
"Caleb Sorrell","2194"
"Tessa Pickring","4574"
"Gwynne Dayce","3288"
"Farra MacShirrie","2449"
"Pepita Capps","3145"
"Bibbie Lissimore","1477"
"Bradford Strathman","760"
"Brandais Bromwich","4694"
"Krystyna Chasmer","2720"
"Stanfield Cardinale","989"
"Bab Mapledoram","2696"
"Rolph Handrok","1517"
"Carver Kuhwald","591"
"Marylou Cool","619"
"Roseline Philimore","244"
"Pavel Pretorius","669"
"Arvy Tibbs","1933"
"Farlay Hincks","1353"
"Barton Brikner","778"
"Kathy McLugish","4206"
"Staci Cossar","2053"
"Augustin Oxenden","3078"
"Malcolm Van Baaren","4242"
"Andrej Hillborne","1315"
"Rainer Greenham","1127"
"Lucas Corrison","4554"
"Nobie MacRanald","2498"
"Abram Margaritelli","1754"
"Darb Petry","261"
"Madeline Thurlbourne","1573"
"Julia Elms","1120"
"Wendy Reynoldson","1280"
"Ingaborg Deegan","3427"
"Alis Renshaw","587"
"Riobard Moxley","1866"
"Arley Kalewe","4131"
"Donnie Stains","3446"
"Colly Summersby","3186"
"Dean Greening","226"
"Meredith Rappa","3502"
"Kakalina Scoggin","4357"
"Darcy Palfreman","1436"
"Sonny Frill","4783"
"Loni Whate","3273"
"Kassi Torricina","3966"
"Pebrook Addenbrooke","2642"
"Carr Di Roberto","466"
"Susanetta Mawman","4004"
"Shandy Folini","1258"
"Asia Lloyd","3391"
"Dmitri Truelove","4249"
"Clair Puddin","3270"
"Quint Assinder","3256"
"Meridel Tinsley","669"
"Meryl Baynon","3587"
"Jonah Mancell","3670"
"Janek Maruszewski","4335"
"Lucio Salzen","3694"
"Donny Welldrake","628"
"Hew MacClure","2113"
"Hatty Treadaway","183"
"Sibyl Mitcheson","4006"
"Chrisse Esparza","2776"
"Mariette Upstell","2909"
"Penni Brownsworth","3327"
"Johna Zorzi","2775"
"Leif Dulany","4399"
"Savina Ossenna","4103"
"Jennine Marsay","4350"
"Terrance Toler","4168"
"Martynne Zimmer","1636"
"Karl Imlin","3680"
"Leshia Longfield","1160"
"Winonah Spirit","3237"
"Caron Georger","1056"
"Marketa Dunsford","185"
"Raychel Wagen","4940"
"Veda Dyde","4687"
"Sidoney Prazer","752"
"Veronika Poynor","1855"
"Dunstan Shepperd","276"
"Penelope Fessler","3576"
"Ulrick Schoenrock","3938"
"Sophie Corday","314"
"Oralia Greenwell","1835"
"Monique Drummer","1153"
"Patin Ivanisov","3698"
"Shanda Byne","1558"
"Herman Derbyshire","3409"
"Darsie Le Teve","3634"
"Nertie Sedcole","703"
"Ivonne Borges","1843"
"Florie Rawcliffe","1541"
"Theresita Tissiman","3408"
"Dominick Coope","3938"
"Papageno Bonny","1782"
"Denni Chiene","624"
"Daveta Plowell","4127"
"Charity Staten","3978"
"Murdock Eouzan","2524"
"Fedora Wildgoose","4161"
"Maxim Kennsley","1083"
"Ebony Carbett","2424"
"Nels Doughtery","3586"
"Deane Ferandez","3888"
"Bambi Ohms","3262"
"Luce Flement","1104"
"Eachelle Atter","882"
"Mommy Gelland","2209"
"Chaddie Gorthy","2994"
"Esmaria Scutt","3681"
"Eddie Magor","1712"
"Eduardo Aiskrigg","404"
"Cesya Dorwood","4277"
"Humfrey Larmouth","4915"
"Quint Rodear","4166"
"Alfy Easterbrook","1138"
"Hayley Maruszewski","1546"
"Pacorro Plumtree","2118"
"Scotti Hubbins","3431"
"Nathalie Dendle","3286"
"Norbert Gerrad","2643"
"Aurel Ballach","1533"
"Patty Lowen","430"
"Joy Dominey","1596"
"Giacinta Elmes","1214"
"Ann Piburn","1557"
"Dominique Zini","3318"
"Andrea Speeks","2044"
"Lillis Bairstow","4826"
"Lizzy Costall","3497"
"Filmer Karolyi","1602"
"Bobbi Geratasch","2457"
"Sholom Sappson","4358"
"Brnaba Tiley","2313"
"Eadith Flaonier","2963"
"Maegan Jerred","4611"
"Melitta Enderle","3741"
"Roze Bilsland","1766"
"Corilla Easterby","661"
"Sybyl Joinson","1552"
"Anne Hatter","703"
"Cammy Iskower","1290"
"Roth Malmar","3405"
"Prudi Gascar","1284"
"Waylan Willets","2895"
"Anica Hails","2393"
"Leeanne Burnsell","1376"
"Madelene Lambirth","2908"
"Dasya Suttling","4201"
"Aurelia McGorman","3457"
"Kristopher Harold","3455"
"Hillie Shears","3593"
"Courtenay Ryves","1623"
"Alleen Tour","2787"
"Allsun Wickling","1010"
"Ernest Avraham","607"
"Vic Skurm","2141"
"Egon Rapier","495"
"Corbin Bibey","3942"
"Willey Attew","2184"
"Yuma Chesswas","4451"
"Elayne Mainwaring","381"
"Floyd Florentine","1782"
"Duky Boorne","4939"
"Gottfried Dobrowski","2962"
"Merle Gouly","4506"
"Ardath Mallard","964"
"Haily MacNeely","3782"
"Rockie Beddis","4536"
"Pall Turpie","1901"
"Dall Alabone","3732"
"Dulsea Gaskal","3372"
"Bunny Agget","2468"
"Flinn Iacobetto","3617"
"Korrie Braitling","4888"
"Myrlene Denington","1182"
"Adora Crinson","1961"
"Adrian Zorn","2728"
"Geoff Schwandner","4299"
"Karlyn Pock","3250"
"Douglass Burrows","2438"
"Amata Greenard","2653"
"Nickey Freddi","3263"
"Dredi Ferreli","1548"
"Meredith Rieflin","1788"
"Evita Kerswell","2686"
"Gav Liddell","310"
"Egbert Weatherhill","746"
"Danya Spritt","2674"
"Ferris Caro","163"
"Ania Tidcombe","4535"
"Sharron Barnhart","3110"
"Tobe Bool","2613"
"Barbie Meddick","1373"
"Betta Ellard","2078"
"Hendrika Abrams","4499"
"Ted Tomaello","3455"
"Hildy Jewster","645"
"Ajay Kemmons","4257"
"Hoebart Daysh","4360"
"Christos Dedenham","1701"
"Edsel Chiplen","4717"
"Fernando Blastock","3228"
"Kacy Adame","1287"
"Anne Fennick","401"
"Lia Allsep","118"
"Hilary Moors","1160"
"Vern Swindin","3697"
"Veronike Ludwikiewicz","2366"
"Risa Cudmore","1186"
"Diane Bentje","4770"
"Leia Clemes","2177"
"Velma Hairsnape","2148"
"Lottie Fawcus","877"
"Boycey Hardson","4925"
"Loretta Varrow","2936"
"Mitchael Durram","4403"
"Engracia Smale","4550"
"Mick Scrinage","4455"
"Dotti Treske","679"
"Isis Adlam","5000"
"Ezra Youngman","4032"
"Reinhard Licciardi","4915"
"Stefanie Tante","652"
"Kathleen Tejero","1979"
"Taite Jaycocks","2139"
"Dulciana Skey","4790"
"Korella Pracy","955"
"Kamila Longbone","1146"
"Saundra Gaylard","3812"
"Cleve Hum","1092"
"Tod Wines","3017"
"Henry Abele","105"
"Brita Hugh","4546"
"Constantine Adkin","4784"
"Alfons Fawlkes","947"
"Melisandra Seamer","2849"
"Jock Nice","251"
"Rikki Pluthero","325"
"Maynord Thacke","932"
"Dania Ebbing","4880"
"Andree Duffield","3237"
"Noellyn Tohill","1193"
"Westleigh Eddington","2574"
"Sheffy Fildes","888"
"Michail Shafe","4137"
"Hilliard Rimer","1118"
"Daile Iveans","3291"
"Cullin Cloney","3567"
"Rutter Heinzel","3559"
"Pen Deviney","2785"
"Homer McAne","1082"
"Duffie Sapena","2331"
"Courtnay Hryncewicz","1721"
"Orson Skala","4141"
"Julita Urion","2592"
"Lucinda McNaught","3950"
"Wyatt Moxson","822"
"Akim Adnam","237"
"Alain Stapele","1720"
"Man Seagood","435"
"Gino Kikke","4596"
"Esther Artharg","2346"
"Darci Pyford","3055"
"Zabrina Bootton","1946"
"Marcie Kinrade","1886"
"Steward Billison","791"
"Candice Tellesson","4102"
"Emelia Karlolak","3315"
"Elsa Yendle","2331"
"Enoch Firbank","2119"
"Kameko Maestro","681"
"Christen Brion","517"
"Boonie Duplain","4882"
"Sabina Norgate","3262"
"Rockie Frankling","959"
"Row Froud","472"
"Devin Cammish","329"
"Maressa Dawtre","4136"
"Katey Veitch","2278"
"Bunni Boole","3960"
"Inglebert Broadbury","4133"
"Audi Betje","257"
"Mort Redolfi","2944"
"Virginia McGuinley","4145"
"Gael Tuxsell","1162"
"Booth Batchelder","1604"
"Tally Mulrean","4748"
"Son Zanini","336"
"Gaspard Kidman","1733"
"Vina Watsam","1911"
"Iorgos Shulem","4168"
"Keir Mayling","3294"
"Julio Hartfleet","3582"
"Marcus Senechault","2069"
"Louis Kinch","2510"
"Lief Mallia","1723"
"Jenine Aslen","3874"
"Talya Gheraldi","4704"
"Hale Sollon","4992"
"Rouvin Levis","155"
"Diena Dugue","253"
"Jacob Halse","4514"
"Cathee Gipp","1798"
"Clyve Schrieves","483"
"Fan Chomley","1367"
"Saundra Saxelby","1949"
"Terra Dobney","161"
"Emylee Colson","820"
"Michaeline Clappison","2450"
"Nickie Marde","4930"
"Kennedy Eastridge","4461"
"Anastasie Quaintance","4688"
"Dietrich Di Giacomettino","2367"
"Robinet D'Almeida","4572"
"Lorrayne Giblin","4382"
"Filmore Bartholat","2330"
"Jody Littlekit","2599"
"Penni Houndesome","3312"
"Locke Cork","3359"
"Noak Pryce","3246"
"Cortie Fowgies","248"
"Kali Carslake","3733"
"Rodd Sleeny","3262"
"Catina Lexa","4615"
"Timmy Clifforth","3766"
"Christiana Capeloff","2389"
"Fran Gosney","3398"
"Linnea Blum","3313"
"Theo Cicetti","310"
"Helenelizabeth Charters","250"
"Christiano Whyffen","3570"
"Mellisa Bittlestone","709"
"Raff Adamkiewicz","4604"
"Toby Sabate","2325"
"Judye Hargey","3059"
"Nance Feore","2025"
"Bunny Coppeard","4675"
"Adolf Cornau","4638"
"Chaddie Titterton","1308"
"Doria Gobel","731"
"Ula Kleingrub","367"
"Hank Pitfield","4438"
"Anders Goundrill","4912"
"Crystal Sonier","3162"
"Aimee Gillinghams","2941"
"Betsy Joplin","4279"
"Georgie Hazelgreave","421"
"Kassia Bearman","1175"
"Kayla Kroin","936"
"Sacha Boar","2627"
"Gran Bartod","4525"
"Kimball Crighton","2214"
"Marcia Gowanlock","3211"
"Dougy Crix","3882"
"Wendye Wackly","2462"
"Kane Klesse","3628"
"Ewell Musselwhite","3509"
"Marty Hebbron","4098"
"Bryana Boarleyson","2297"
"Marie-jeanne Bowcock","684"
"Tad Claiton","4548"
"Tiffany Charrier","3319"
"Terri Pickston","770"
"Janey Maps","1827"
"Sid Pischof","2560"
"Tami Swallwell","3695"
"Cordie Barnaby","930"
"Tobe Fancet","1332"
"Odille Rudloff","3935"
"Cristen Stonebridge","498"
"Tandy Lanfear","221"
"Humfrid Boodle","2803"
"Zebulen Charkham","1010"
"Giraldo Templar","1599"
"Norrie Kornyakov","3243"
"Beatrix Beauvais","209"
"Vincents Ife","3245"
"Harwell Hartopp","3383"
"Jacky McMinn","546"
"Jyoti Jeandin","1820"
"Merrel Eason","4435"
"Berkie O'Corrin","2869"
"Shepperd Haslock","1874"
"Gerti Ogelbe","1522"
"Theobald Liepina","3369"
"Marjory Shawyer","3999"
"Valenka O'Doireidh","4256"
"Sibylle Sherwill","343"
"Nicola Woolway","4295"
"Abdel Whelan","2976"
"Riki Handrahan","1262"
"Madge Parkes","4072"
"Marsha Whitear","3939"
"Freeman Nuemann","4914"
"Melinde Rubi","1763"
"Leena MacComiskey","2989"
"Waring Timperley","3038"
"Susannah Randals","4933"
"Sollie Iskowitz","1359"
"Christoper Killich","1990"
"Burch Chant","2173"
"Bernardine Dober","1248"
"Rip Ventam","2903"
"Ferdy Hurdiss","110"
"Tallie Faragan","1811"
"Skippy Simmonds","1133"
"Lynsey Ruperti","4349"
"Guilbert Simoneschi","2027"
"Elfrieda Deaconson","3399"
"Aylmer Whapples","2415"
"Gayel Yallowley","3954"
"Travis Duerden","4435"
"Kelwin Olufsen","4510"
"Fredric Colgan","1101"
"Elwin Teek","2486"
"Lyn Gossling","626"
"Natty Cordaroy","1692"
"Cris Doale","2681"
"Neila Jenking","3158"
"Moises Turford","2516"
"Mada MacSween","540"
"Andriana Alben","1420"
"Libbi Castellone","2463"
"Ulrich Poland","4773"
"Analise Titmus","318"
"Farley Vint","3092"
"Anallese Gillum","937"
"Filbert Leel","4364"
"Patrice Avison","4566"
"Wilbur Caldicot","1962"
"Willamina Bister","3524"
"Roddie Becks","1706"
"Ash Biggin","3275"
"Blisse Savatier","4656"
"Christalle Haynesford","3628"
"Leah Catcherside","3365"
"Dianemarie Stabler","2730"
"Rollins Najera","1131"
"Filide Glowacki","3132"
"Shannah Lamers","2095"
"Ardith Craske","4749"
"Orran Malloch","4159"
"Mahmoud Maddick","2779"
"Berton Dougher","4832"
"Salvatore Castagnier","3403"
"Nev Eberz","1227"
"Antoni Pidcock","2187"
"Modesta McGuire","2999"
"Reade Sheringham","4809"
"Calley Dunbleton","2900"
"Edgardo Blumsom","442"
"Adria Nozzolinii","3496"
"Charmion Winterbotham","2975"
"Marci Stanborough","2292"
"Ahmad Waterhowse","2640"
"Kelbee O'Corrin","4292"
"Brandon Legrave","2869"
"Cornela Bachellier","3029"
"Dex Piborn","2361"
"Glynis Dietsche","2558"
"Janenna Buttress","3071"
"Yoshi McCraw","4942"
"Sherline Glason","3818"
"Estella Stoller","3637"
"Camille Celloni","4280"
"Olenka Aland","2879"
"Don MacGinney","3336"
"Flory Hargitt","2547"
"Maximilian Skevington","4869"
"Javier Fragino","1388"
"Helga Haversum","2533"
"Nelie Pikesley","1270"
"Ebba Petkens","922"
"Leonore Garrould","3325"
"Tobye Bolt","3482"
"Devon Normanville","199"
"Betteanne Buckles","880"
"Daisi Fewless","2432"
"Karlene Leeder","3157"
"Irina Sear","2534"
"Elwira Gellibrand","4169"
"Kendre Stailey","461"
"Jard Mahood","1765"
"Kristopher Murkus","649"
"Norina Gheerhaert","4986"
"Dewitt Local","2862"
"Myrvyn Capin","1176"
"Vilhelmina Aylen","4298"
"Chickie Blaiklock","2728"
"Osborne Castelyn","3070"
"Deeyn Bartoszek","2204"
"Virginia Noore","3773"
"Lancelot Cropper","627"
"Clea Exroll","4019"
"Wini Briston","3518"
"Lewes Thomazin","4580"
"Idaline Docwra","3550"
"Odilia O'Doghesty","4778"
"Amabel Petrol","2632"
"Kesley Ager","940"
"Win Espadero","1643"
"Katti Lile","3039"
"Meredeth Rutt","1408"
"Robinia Burch","534"
"Lanny Norres","1424"
"Ruttger St Quenin","3072"
"Elyse Pound","2100"
"Luther Valder","4158"
"Ewen Osan","256"
"Jethro Carn","4670"
"Querida Bennough","4476"
"Ole Bootherstone","894"
"Kristos Cussins","138"
"Mellisent Durston","2887"
"Cordelie Christiensen","1188"
"Kandace Dominguez","307"
"Cathe Purslow","4454"
"Janice Pickersgill","4831"
"Sloane Plowell","3061"
"Wyn Ivanilov","2649"
"Gizela Blancowe","4180"
"Eugenio Bragg","2637"
"Celinka Drew-Clifton","4436"
"Lynett Vala","4890"
"Zebulen Bichard","2666"
"Maddy Wint","3405"
"Constantina Camois","1020"
"Faydra Rainsden","2967"
"Anette Rigler","683"
"Devonna Harcus","4776"
"Tannie Treanor","3531"
"Desmund Stainer","3314"
"Claudie Darke","1334"
"Sharon Petrovsky","452"
"Wanda Dwire","894"
"Leelah Isaksson","4019"
"Halli Boutellier","3134"
"Kania Chidwick","2556"
"Gillie Harral","4980"
"Rikki Goodswen","2207"
"Corette Amerighi","3956"
"Bruce Bilofsky","149"
"Saidee Albrooke","4277"
"Denise Melladew","2648"
"Kath Alloway","1143"
"Barbaraanne Killock","2668"
"Burr Durbin","895"
"Colene Bythway","4478"
"Kailey MacCallister","3649"
"Joshua Sussex","237"
"Roshelle Coule","1401"
"Orin Theuss","3602"
"Mallory Madgwich","523"
"Kevyn Blewis","465"
"Desirae Blomefield","1583"
"Vail Yeend","884"
"Janith Poyntz","3089"
"Lari D'Angeli","1234"
"Burnaby Chicchelli","3172"
"Liliane Yegorov","852"
"Thomasa Mansour","2906"
"Kandace Godsil","2868"
"Kellen Brightling","4117"
"Sophia Padillo","1717"
"Agnola Matisse","1083"
"Vinnie McCafferky","2084"
"Pieter Ritchie","3386"
"Elset Braybrooke","2698"
"Michaela Gredden","980"
"Pia Scholefield","3090"
"Aggie Gorst","4551"
"Claudina Musterd","1876"
"Betta Verecker","1817"
"Anthony Gaitone","3031"
"Kelsey Dickins","2811"
"Mendel Moorton","4296"
"Edwina Willoughby","4765"
"Cloe Sinott","4974"
"Jillayne Barajas","2420"
"Caty Zelner","1878"
"Anatola Lande","900"
